Workbook

Sheet Sheet1
A1: CWUR_Subject,QS_Subject,ARWU_Subject
A2: ACOUSTICS,Physics & Astronomy,Physics
A3: AGRICULTURAL ECONOMICS & POLICY,Agriculture & Forestry,Agricultural Science
A4: AGRICULTURAL ENGINEERING,Engineering & Technology,Agricultural Engineering
A5: AGRICULTURE DAIRY & ANIMAL SCIENCE,Agriculture & Forestry,Agricultural Science
A6: AGRICULTURE MULTIDISCIPLINARY,Agriculture & Forestry,Agricultural Science
A7: AGRONOMY,Agriculture & Forestry,Agricultural Science
A8: ALLERGY,Medicine,Clinical Medicine
A9: ANATOMY & MORPHOLOGY,Anatomy & Physiology,Human Biology
A10: ANDROLOGY,Medicine,Clinical Medicine
A11: ANESTHESIOLOGY,Medicine,Clinical Medicine
A12: ANTHROPOLOGY,Anthropology,Anthropology
... A216: ZOOLOGY,Biological Sciences,Biological Science

Sheet QS_Data
A1: Harvard University | B1: 1
A2: University of Oxford | B2: 2
A3: Sciences Po | B3: 3
A4: Princeton University | B4: 4
A5: The London School of Economics and Political Science (LSE) | B5: 5
A6: Stanford University | B6: 6
A7: University of Cambridge | B7: 7
A8: Yale University | B8: 8
A9: National University of Singapore (NUS) | B9: 9
A10: Georgetown University | B10: 10
A11: King's College London | B11: 11
A12: Columbia University | B12: 12
... A104: University College Dublin | B104: 100

Sheet ARWU_Data
A1: Harvard University | B1: 1
A2: Stanford University | B2: 2
A3: Princeton University | B3: 3
A4: Columbia University | B4: 4
A5: The London School of Economics and Political Science (LSE) | B5: 5
A6: European University Institute | B6: 6
A7: New York University | B7: 7
A8: University of California | B8: 8
A9: University of California | B9: 9
A10: University of Oxford | B10: 10
A11: Pennsylvania State University | B11: 11
A12: University of Pennsylvania | B12: 12
... A30: University of California | B30: 30

Sheet CWUR_Data
A1: Harvard University | B1: 1
A2: University of Oxford | B2: 2
A3: University of Michigan | B3: 3
A4: Princeton University | B4: 4
A5: Yale University | B5: 5
A6: The London School of Economics and Political Science (LSE) | B6: 6
A7: Stanford University | B7: 6
A8: New York University | B8: 8
A9: Duke University | B9: 9
A10: University of Essex | B10: 10

Sheet META_RANK
A1: University | B1: LOCATION | C1: QS Rank | D1: ARWU Rank | E1: CWUR Rank | F1: Total Score | G1: META RANK
A2: Harvard University | B2: =IFERROR(VLOOKUP(A2, Locations!$A:$B, 2, FALSE), "Check Site") -> United States of America | C2: =IFERROR(VLOOKUP(A2, QS_Data!$A$1:$B$100, 2, FALSE), 101) -> 1 | D2: =IFERROR(VLOOKUP(A2, ARWU_Data!$A$1:$B$30, 2, FALSE), 101) -> 1 | E2: =IFERROR(VLOOKUP(A2, CWUR_Data!$A$1:$B$10, 2, FALSE), 101) -> 1 | F2: =IF(C2<=100, 101-C2, 0) + IF(D2<=30, 101-D2, 0) + IF(E2<=10, 101-E2, 0) -> 300 | G2: =_xlfn.RANK.EQ(F2, $F$2:$F$176, 0) -> 1
A3: Princeton University | B3: =IFERROR(VLOOKUP(A3, Locations!$A:$B, 2, FALSE), "Check Site") -> United States of America | C3: =IFERROR(VLOOKUP(A3, QS_Data!$A$1:$B$100, 2, FALSE), 101) -> 4 | D3: =IFERROR(VLOOKUP(A3, ARWU_Data!$A$1:$B$30, 2, FALSE), 101) -> 3 | E3: =IFERROR(VLOOKUP(A3, CWUR_Data!$A$1:$B$10, 2, FALSE), 101) -> 4 | F3: =IF(C3<=100, 101-C3, 0) + IF(D3<=30, 101-D3, 0) + IF(E3<=10, 101-E3, 0) -> 292 | G3: =_xlfn.RANK.EQ(F3, $F$2:$F$176, 0) -> 2
A4: University of Oxford | B4: =IFERROR(VLOOKUP(A4, Locations!$A:$B, 2, FALSE), "Check Site") -> United Kingdom | C4: =IFERROR(VLOOKUP(A4, QS_Data!$A$1:$B$100, 2, FALSE), 101) -> 2 | D4: =IFERROR(VLOOKUP(A4, ARWU_Data!$A$1:$B$30, 2, FALSE), 101) -> 10 | E4: =IFERROR(VLOOKUP(A4, CWUR_Data!$A$1:$B$10, 2, FALSE), 101) -> 2 | F4: =IF(C4<=100, 101-C4, 0) + IF(D4<=30, 101-D4, 0) + IF(E4<=10, 101-E4, 0) -> 289 | G4: =_xlfn.RANK.EQ(F4, $F$2:$F$176, 0) -> 3
A5: Stanford University | B5: =IFERROR(VLOOKUP(A5, Locations!$A:$B, 2, FALSE), "Check Site") -> United States of America | C5: =IFERROR(VLOOKUP(A5, QS_Data!$A$1:$B$100, 2, FALSE), 101) -> 6 | D5: =IFERROR(VLOOKUP(A5, ARWU_Data!$A$1:$B$30, 2, FALSE), 101) -> 2 | E5: =IFERROR(VLOOKUP(A5, CWUR_Data!$A$1:$B$10, 2, FALSE), 101) -> 6 | F5: =IF(C5<=100, 101-C5, 0) + IF(D5<=30, 101-D5, 0) + IF(E5<=10, 101-E5, 0) -> 289 | G5: =_xlfn.RANK.EQ(F5, $F$2:$F$176, 0) -> 3
A6: The London School of Economics and Political Science (LSE) | B6: =IFERROR(VLOOKUP(A6, Locations!$A:$B, 2, FALSE), "Check Site") -> Check Site | C6: =IFERROR(VLOOKUP(A6, QS_Data!$A$1:$B$100, 2, FALSE), 101) -> 5 | D6: =IFERROR(VLOOKUP(A6, ARWU_Data!$A$1:$B$30, 2, FALSE), 101) -> 5 | E6: =IFERROR(VLOOKUP(A6, CWUR_Data!$A$1:$B$10, 2, FALSE), 101) -> 6 | F6: =IF(C6<=100, 101-C6, 0) + IF(D6<=30, 101-D6, 0) + IF(E6<=10, 101-E6, 0) -> 287 | G6: =_xlfn.RANK.EQ(F6, $F$2:$F$176, 0) -> 5
A7: Yale University | B7: =IFERROR(VLOOKUP(A7, Locations!$A:$B, 2, FALSE), "Check Site") -> United States of America | C7: =IFERROR(VLOOKUP(A7, QS_Data!$A$1:$B$100, 2, FALSE), 101) -> 8 | D7: =IFERROR(VLOOKUP(A7, ARWU_Data!$A$1:$B$30, 2, FALSE), 101) -> 20 | E7: =IFERROR(VLOOKUP(A7, CWUR_Data!$A$1:$B$10, 2, FALSE), 101) -> 5 | F7: =IF(C7<=100, 101-C7, 0) + IF(D7<=30, 101-D7, 0) + IF(E7<=10, 101-E7, 0) -> 270 | G7: =_xlfn.RANK.EQ(F7, $F$2:$F$176, 0) -> 6
A8: New York University | B8: =IFERROR(VLOOKUP(A8, Locations!$A:$B, 2, FALSE), "Check Site") -> United States of America | C8: =IFERROR(VLOOKUP(A8, QS_Data!$A$1:$B$100, 2, FALSE), 101) -> 101 | D8: =IFERROR(VLOOKUP(A8, ARWU_Data!$A$1:$B$30, 2, FALSE), 101) -> 7 | E8: =IFERROR(VLOOKUP(A8, CWUR_Data!$A$1:$B$10, 2, FALSE), 101) -> 8 | F8: =IF(C8<=100, 101-C8, 0) + IF(D8<=30, 101-D8, 0) + IF(E8<=10, 101-E8, 0) -> 187 | G8: =_xlfn.RANK.EQ(F8, $F$2:$F$176, 0) -> 7
A9: Columbia University | B9: =IFERROR(VLOOKUP(A9, Locations!$A:$B, 2, FALSE), "Check Site") -> United States of America | C9: =IFERROR(VLOOKUP(A9, QS_Data!$A$1:$B$100, 2, FALSE), 101) -> 12 | D9: =IFERROR(VLOOKUP(A9, ARWU_Data!$A$1:$B$30, 2, FALSE), 101) -> 4 | E9: =IFERROR(VLOOKUP(A9, CWUR_Data!$A$1:$B$10, 2, FALSE), 101) -> 101 | F9: =IF(C9<=100, 101-C9, 0) + IF(D9<=30, 101-D9, 0) + IF(E9<=10, 101-E9, 0) -> 186 | G9: =_xlfn.RANK.EQ(F9, $F$2:$F$176, 0) -> 8
A10: University of Michigan | B10: =IFERROR(VLOOKUP(A10, Locations!$A:$B, 2, FALSE), "Check Site") -> United States of America | C10: =IFERROR(VLOOKUP(A10, QS_Data!$A$1:$B$100, 2, FALSE), 101) -> 101 | D10: =IFERROR(VLOOKUP(A10, ARWU_Data!$A$1:$B$30, 2, FALSE), 101) -> 18 | E10: =IFERROR(VLOOKUP(A10, CWUR_Data!$A$1:$B$10, 2, FALSE), 101) -> 3 | F10: =IF(C10<=100, 101-C10, 0) + IF(D10<=30, 101-D10, 0) + IF(E10<=10, 101-E10, 0) -> 181 | G10: =_xlfn.RANK.EQ(F10, $F$2:$F$176, 0) -> 9
A11: King's College London | B11: =IFERROR(VLOOKUP(A11, Locations!$A:$B, 2, FALSE), "Check Site") -> United Kingdom | C11: =IFERROR(VLOOKUP(A11, QS_Data!$A$1:$B$100, 2, FALSE), 101) -> 11 | D11: =IFERROR(VLOOKUP(A11, ARWU_Data!$A$1:$B$30, 2, FALSE), 101) -> 25 | E11: =IFERROR(VLOOKUP(A11, CWUR_Data!$A$1:$B$10, 2, FALSE), 101) -> 101 | F11: =IF(C11<=100, 101-C11, 0) + IF(D11<=30, 101-D11, 0) + IF(E11<=10, 101-E11, 0) -> 166 | G11: =_xlfn.RANK.EQ(F11, $F$2:$F$176, 0) -> 10
A12: University of Toronto | B12: =IFERROR(VLOOKUP(A12, Locations!$A:$B, 2, FALSE), "Check Site") -> Canada | C12: =IFERROR(VLOOKUP(A12, QS_Data!$A$1:$B$100, 2, FALSE), 101) -> 22 | D12: =IFERROR(VLOOKUP(A12, ARWU_Data!$A$1:$B$30, 2, FALSE), 101) -> 14 | E12: =IFERROR(VLOOKUP(A12, CWUR_Data!$A$1:$B$10, 2, FALSE), 101) -> 101 | F12: =IF(C12<=100, 101-C12, 0) + IF(D12<=30, 101-D12, 0) + IF(E12<=10, 101-E12, 0) -> 166 | G12: =_xlfn.RANK.EQ(F12, $F$2:$F$176, 0) -> 10
A13: Georgetown University | B13: =IFERROR(VLOOKUP(A13, Locations!$A:$B, 2, FALSE), "Check Site") -> United States of America | C13: =IFERROR(VLOOKUP(A13, QS_Data!$A$1:$B$100, 2, FALSE), 101) -> 10 | D13: =IFERROR(VLOOKUP(A13, ARWU_Data!$A$1:$B$30, 2, FALSE), 101) -> 27 | E13: =IFERROR(VLOOKUP(A13, CWUR_Data!$A$1:$B$10, 2, FALSE), 101) -> 101 | F13: =IF(C13<=100, 101-C13, 0) + IF(D13<=30, 101-D13, 0) + IF(E13<=10, 101-E13, 0) -> 165 | G13: =_xlfn.RANK.EQ(F13, $F$2:$F$176, 0) -> 12
... A96: Washington University in St. Louis | B96: =IFERROR(VLOOKUP(A96, Locations!$A:$B, 2, FALSE), "Check Site") -> United States of America | C96: =IFERROR(VLOOKUP(A96, QS_Data!$A$1:$B$100, 2, FALSE), 101) -> 97 | D96: =IFERROR(VLOOKUP(A96, ARWU_Data!$A$1:$B$30, 2, FALSE), 101) -> 101 | E96: =IFERROR(VLOOKUP(A96, CWUR_Data!$A$1:$B$10, 2, FALSE), 101) -> 101 | F96: =IF(C96<=100, 101-C96, 0) + IF(D96<=30, 101-D96, 0) + IF(E96<=10, 101-E96, 0) -> 4 | G96: =_xlfn.RANK.EQ(F96, $F$2:$F$176, 0) -> 95

Sheet Locations
A1: Name | B1: Country/Territory
A2: Massachusetts Institute of Technology (MIT) | B2: United States of America
A3: Imperial College London | B3: United Kingdom
A4: Stanford University | B4: United States of America
A5: University of Oxford | B5: United Kingdom
A6: Harvard University | B6: United States of America
A7: University of Cambridge | B7: United Kingdom
A8: ETH Zurich (Swiss Federal Institute of Technology) | B8: Switzerland
A9: National University of Singapore (NUS) | B9: Singapore
A10: UCL (University College London) | B10: United Kingdom
A11: California Institute of Technology (Caltech) | B11: United States of America
A12: The University of Hong Kong | B12: Hong Kong SAR, China
... A1505: Youngsan University | B1505: Republic of Korea
